{
  "project_info": {
    "project_number": "1028872835771",
    "firebase_url": "https://cloudchat-9183d-default-rtdb.firebaseio.com",
    "project_id": "cloudchat-9183d",
    "storage_bucket": "cloudchat-9183d.appspot.com"
  },
  "client": [
    {
      "client_info": {
        "mobilesdk_app_id": "1:1028872835771:android:2c838ee0d17fd4d941cf9e",
        "android_client_info": {
          "package_name": "com.example.cloudchat"
        }
      },
      "oauth_client": [
        {
          "client_id": "1028872835771-qe1qn2fvsgfu1rngdrvuiel99ubsqphi.apps.googleusercontent.com",
          "client_type": 3
        }
      ],
      "api_key": [
        {
          "current_key": "AIzaSyCo7NrZCiOurlxZO2P_w4Jm31LL3ecIu64"
        }
      ],
      "services": {
        "appinvite_service": {
          "other_platform_oauth_client": [
            {
              "client_id": "1028872835771-qe1qn2fvsgfu1rngdrvuiel99ubsqphi.apps.googleusercontent.com",
              "client_type": 3
            }
          ]
        }
      }
    }
  ],
  "configuration_version": "1"
}